"id","1","2","3","4","5","6","7","8","9","10","11","12","13","14","15","16","17","18","19","20","21","22","23","24","25","26","27","28","29","30","31","32","33","34","35","36","37","38","39","40","41","42","43","44","45","46","47","48"
"H21",15487.5418529079,14682.5590505088,14085.536148143,13635.1106818955,13383.3783223024,13333.1885506187,13483.6541653978,13817.8108746259,14307.8037322501,14916.0769159514,15598.4629403264,16307.2472040403,16994.4752822526,17615.1420239413,18130.0920103016,18508.4369587184,18729.3476926378,18783.1204777991,18671.4700439942,18407.054216561,18012.2860977501,17517.5353062674,16958.8571934603,16375.4159363074,15806.7825086885,15290.2911220625,14858.6280294051,14537.8056353365,14345.6443998406,14290.8473883083,14372.7102360077,14581.4656991063,14899.2198031465,15301.3986308916,15758.5934062118,16238.6686073138,16708.9846372817,17138.5836629211,17500.1944726129,17771.9287975385,17938.5660890685,17992.3543645634,17933.2891966043,17768.8688140306,17513.3581756317,17186.6264809488,16812.6489004561,16417.7827570812
"H22",626.863239947396,615.470221413163,604.602720437634,594.905406931222,586.861504334411,580.782245311361,576.809005357958,574.926310421242,574.983437299554,576.722060709307,579.807337978684,583.859938989073,588.486794002589,593.308708516127,597.983442914328,602.223336529482,605.807034757281,608.585323033256,610.481457960386,611.48669601408,611.651943690681,611.076586414669,609.895600024808,608.266016576746,606.353717949469,604.321381460766,602.318217882684,600.471940504163,598.883199815621,597.62252569556,596.729648822886,596.214933636365,596.062551632582,596.23495822673,596.678208120042,597.327650087386,598.113577431726,598.966468874926,599.821529480527,600.622325280348,601.323391868199,601.891780314269,602.30757834605,602.563507053047,602.663740922786,602.622130619545,602.460023592152,602.20387840428
"H27",1810.6374145616,1697.82940437892,1601.52903340902,1527.18976917341,1478.62982020662,1457.85757675114,1465.02013650174,1498.4729762275,1554.96116979442,1629.89583176032,1717.70407300234,1812.22697898178,1907.13813488476,1996.35507593098,2074.41766675802,2136.81063180798,2180.21199574598,2202.65470311345,2203.59477615559,2183.88562523501,2145.66414060882,2092.15959345831,2027.44083898688,1956.12059946768,1883.03755049535,1812.93747195801,1750.17388177222,1698.4464578236,1660.59236076556,1638.44154729615,1632.74260264899,1643.1608366446,1668.34569502824,1706.06023298582,1753.36173933858,1806.81979432071,1862.75623412695,1917.49075493159,1967.57621973101,2010.00906650949,2042.40242786721,2063.1124817945,2071.311945122,2067.0082580542,2051.00764725308,2024.82966350698,1990.57976004024,1950.78983780248
"H34",44955.758861758,43950.5074643316,43092.8473986379,42361.1092581399,41736.8051455002,41204.1615623823,40749.7208805212,40362.0013249387,40031.2068785316,39748.9797785614,39508.1893516884,39302.7518523136,39127.4767523128,38977.9355985617,38850.3501248399,38741.4967911823,38648.6253387927,38569.3893027508,38501.7867268669,38444.1095827991,38394.9006154733,38352.9165244713,38317.0965511403,38286.5356777519,38260.4617615703,38238.216026103,38219.2364166331,38203.0433994968,38189.2278463163,38177.4406970732,38167.3841408524,38158.8040914328,38151.4837676137,38145.2382160793,38139.9096384191,38135.3634042354,38131.4846496089,38128.1753749774,38125.3519691058,38122.9430965875,38120.8878955028,38119.1344396989,38117.638426837,38116.362059062,38115.273088012,38114.3440000399,38113.5513210611,38112.8750234635
"H45",35284.7868945631,33552.0388521237,32202.9435859401,30797.3875722545,29817.4281379072,29134.1963893211,28657.8444038055,28325.7298400806,28094.1782001336,27932.7394442994,27820.1836796706,27741.7093375852,27686.9967034874,27648.8508299397,27622.2553699933,27603.7129059211,27590.7850236975,27581.7716510337,27575.4874905369,27571.1061479894,27568.051457943,27565.9217154776,27564.4368502702,27563.4015961398,27562.6798127016,27562.1765823196,27561.8257280272,27561.5811109714,27561.4105629539,27561.2916561745,27561.2087538788,27561.1509540573,27561.1106557839,27561.082559662,27561.0629709302,27561.0493135858,27561.0397916292,27561.0331528818,27561.0285243198,27561.0252972674,27561.0230473532,27561.0214787037,27561.0203850348,27561.0196225244,27561.019090899,27561.0187202476,27561.0184618279,27561.0182816566
"H52",2452.75007771753,2372.96568128113,2324.17058873494,2304.53103878211,2313.83925126821,2350.01017604287,2409.31332174976,2486.70005834307,2576.20017308195,2671.35828200782,2765.67960065104,2853.05552439587,2928.14229440675,2986.67044908985,3025.66841358789,3043.59002942321,3040.34261179209,3017.21878350935,2976.74144408989,2922.43641967648,2858.55131327614,2789.74163785116,2720.74637209557,2656.07463814267,2599.7233672049,2554.94278390804,2524.06256216676,2508.38689241456,2508.16178512364,2522.61305477175,2550.04889830249,2588.0170802161,2633.50368511622,2683.1583533912,2733.52995873143,2781.29682422992,2823.47674196804,2857.60413047635,2881.86445429424,2895.17932131126,2897.23922638516,2888.48447885233,2870.03820337434,2843.59823060016,2811.29702716384,2775.54043175658,2738.83679648884,2703.62816626732
"H66",34217.234658331,32929.0339404611,31147.056969876,29221.7600307511,27280.5910148813,25448.4485035832,23839.7454805735,22551.3674240349,21656.9512251923,21202.8147633434,21205.7519075421,21652.7821060169,22502.8159143481,23690.076058332,25129.0055639612,26720.3066601384,28357.6916341021,29934.8928956761,31352.4755588386,32524.0212918792,33381.3045668134,33878.1576426431,33992.8131851635,33728.6169374902,33113.1103676219,32195.587727239,31043.3268433385,29736.7724169403,28364.0099589877,27014.9045096758,25775.2893078858,24721.5755951807,23916.1173501363,23403.6070058267,23208.7043777864,23335.0163050389,23765.4546197965,24463.9109196277,25378.1039135496,26443.3839727144,27587.2241746046,28734.0906928864,29810.3696602771,30749.0330474429,31493.7517181914,32002.2074322616,32248.4138722119,32223.9256208845
"H103",110786.664340059,104245.355710049,98645.8404734688,94303.2186475549,91424.364155895,90110.4198702989,90349.1057159238,92028.7436978825,94946.94625154,98833.6681218759,103370.138051016,108215.603449765,113029.215480976,117494.291714316,121336.449064294,124340.224374809,126358.798715812,127320.13659949,127226.519444601,126150.202420076,124223.884797171,121628.431310069,118577.637057631,115302.19113807,112033.178307786,108986.863810277,106351.187916822,104275.162177483,102861.36347896,102162.091511664,102179.004388934,102866.208881584,104136.247760568,105868.516401578,107919.310338352,110132.807299564,112352.140029569,114429.866682205,116237.145298989,117671.115397131,118660.085415167,119166.338879067,119186.506541844,118749.644635349,117913.279858264,116757.8185133,115379.786004006,113884.423155092
"H124",371.447726128318,579.329685172241,816.102015102689,1035.15490172839,1267.3538796941,1468.61577226475,1624.86090212558,1733.05177757727,1801.14549780547,1808.27104904072,1764.74907886352,1683.52847027051,1570.00096128633,1427.83698456541,1277.3922572198,1129.76136518983,990.680732007884,870.507194182402,780.514411066281,721.640236369477,694.64596043957,701.786357727295,740.125926183893,802.29505156962,883.265044637986,977.039147127889,1074.67028399753,1168.46709751869,1253.2679324305,1323.39096501811,1374.06794783446,1403.64154814792,1411.96743911382,1399.37530134197,1368.25251668963,1322.67841181486,1266.79366643814,1205.03331818956,1142.52499292611,1083.91411150738,1032.84012753134,992.426799175821,964.985314791384,951.423578520774,951.587926116221,964.59183032584,988.59437388717,1020.96082315152
"H139",61.7933646813607,29.9812705967022,238.804056200414,460.135151470616,680.389642390177,677.412973697391,640.093415535907,601.466169717516,626.650798726066,658.048928600977,680.844453443928,678.889009400256,672.276404128301,668.32630390751,671.675246387994,675.853297211558,678.192029832508,677.694768450652,676.706705237117,676.317135699863,676.782571883087,677.317788573457,677.550529050828,677.45428131343,677.318400118335,677.283276029139,677.34861738187,677.415318911468,677.437107465942,677.420845929087,677.403117731725,677.400557000656,677.409666520348,677.417784752484,677.419591957992,677.417062427309,677.414841121816,677.41476790895,677.41601981986,677.416985068129,677.417095272713,677.416723442454,677.416455016093,677.416478697891,677.416647812459,677.416759685544,677.416758915101,677.416706518527
"H141",145.0759741841,256.781048068898,318.881983279443,339.051263282506,302.55536201449,351.314218517107,433.756891259414,368.36369636203,333.598173702692,417.804877293735,414.242350013381,368.851127944057,389.773487457492,393.704337172755,400.641210577059,410.384027350692,369.835961603346,385.469274219464,430.967351622941,384.922067916711,368.846634955445,416.709679820621,400.601575368249,382.074426876979,401.761193421249,390.0308809081,395.638679998226,409.719705460562,379.121488678807,389.078301114647,418.01735673407,385.74503786415,382.142112153649,411.096206824459,392.66335701763,388.406547603795,404.014427972767,388.045070898214,394.730910538864,407.081534757569,383.364760765676,392.13836326219,410.273036278479,386.443319512565,389.390655417575,406.769453694192,389.626399342572,392.437106013766
"H150",25.9211405354781,34.4237275152585,48.2968561308812,66.082479542449,86.1980464891828,107.055748101003,127.170620358446,145.25125161058,160.268626132939,171.500547294134,178.550985261758,181.345456555184,180.105060124383,175.302987806931,167.608146403361,157.820954738687,146.806420996962,135.429297540126,124.49550698319,114.703203872304,106.605858899915,100.588707697565,96.858871185466,95.4484984199774,96.2294630285762,98.937503078461,103.203257816792,108.587432965117,114.61731347278,120.822019545246,126.764238080937,132.066619210453,136.431563736026,139.653698013433,141.62489618684,142.332228214871,141.849655000879,140.32463644751,137.961050537231,134.999936679707,131.699578059246,128.316336420436,125.087465424814,122.216876383622,119.864536191,118.13986558665,117.099199297126,116.747088421967
"H155",2.81044776628315,-6.10362032667001,-10.2406892610844,-12.2346913159214,-13.1831789849127,-13.6364099403529,-13.8526418046817,-13.9558604750298,-14.0051227125578,-14.0286352057901,-14.0398572839392,-14.0452134168147,-14.0477698132326,-14.0489899414553,-14.0495722894732,-14.0498502350584,-14.0499828941263,-14.0500462102194,-14.0500764299977,-14.050090853424,-14.0500977374992,-14.0501010231604,-14.0501025913549,-14.0501033398296,-14.0501036970648,-14.0501038675676,-14.0501039489459,-14.0501039877865,-14.0501040063245,-14.0501040151724,-14.0501040193953,-14.0501040214109,-14.0501040223729,-14.050104022832,-14.0501040230512,-14.0501040231557,-14.0501040232057,-14.0501040232295,-14.0501040232409,-14.0501040232463,-14.0501040232489,-14.0501040232501,-14.0501040232507,-14.050104023251,-14.0501040232511,-14.0501040232512,-14.0501040232512,-14.0501040232512
"H170",18.9855444323466,18.547093218066,18.3582942836481,18.4130439124881,18.6839630139621,19.1400982348703,19.7399717411406,20.4318185738665,21.1595384744512,21.8677916628575,22.5057558314175,23.0304499356805,23.4095027884895,23.6229866340443,23.6642001162179,23.5394377760256,23.266826208722,22.8743559935292,22.3972952075032,21.8752088408758,21.3488245012214,20.8569824098698,20.4338887343442,20.1068573380813,19.8946791860878,19.806705053354,19.842670233847,19.9932339786714,20.241155445137,20.5629854826804,20.931122273582,21.3160603790583,21.6886577742052,22.022253622701,22.2944895348465,22.4887167645182,22.5949085270508,22.6100372878768,22.5379182849988,22.3885596292659,22.1770933347191,21.9223883469422,21.6454644953386,21.3678344648011,21.1098992881072,20.8895121475342,20.7208067215244,20.6133617044985
"H174",25.0246572464916,24.6155753887775,23.9091372955542,23.0234357685203,22.0267367241516,21.0313455146836,20.1016066326842,19.3188719518411,18.7191122980085,18.3398519447904,18.179700812681,18.2337464613248,18.4685965186945,18.8496352232959,19.3261711777053,19.8521077085179,20.3768730092588,20.8602269730483,21.2658806723082,21.5710567418924,21.7609680773034,21.8340088735486,21.7963698686581,21.6640452584224,21.4576505208398,21.2025715694214,20.9244455321462,20.6486674237253,20.3970234656172,20.1874394006638,20.0320324180056,19.9375419348152,19.9047406229353,19.9295634615554,20.0035309070924,20.1152908936907,20.2515506744579,20.3986211488635,20.5433579924102,20.6743404631892,20.7824593647132,20.8615195115241,20.9083179429759,20.9226555653153,20.9069511827443,20.8658136979053,20.8053785544742,20.7326820673807
"H181",15.7477247109288,15.4478044533973,15.2697279713967,15.1760035037571,15.1344126799696,15.1215816232305,15.1224732182437,15.1284263500139,15.1350546659016,15.1405368258862,15.1444188241292,15.1468660144208,15.1482456881139,15.1489245741598,15.1491914792465,15.1492442000799,15.1492038001825,15.1491363315552,15.1490728021818,15.1490242414084,15.1489916974688,15.1489721775849,15.1489617769835,15.1489570693427,15.1489555374135,15.1489555451557,15.1489561403549,15.1489568342044,15.1489574187773,15.148957837673,15.1489581044178,15.1489582564264,15.1489583323262,15.1489583630231,15.1489583699204,15.1489583662502,15.1489583593144,15.1489583525988,15.1489583473904,15.1489583438624,15.1489583417248,15.1489583405721,15.1489583400406,15.1489583398593,15.1489583398504,15.1489583399094,15.1489583399819,15.1489583400442
"H184",16.4399206564421,16.2294106761503,16.2580363487079,16.4963072379166,16.9003289573832,17.4171482826711,17.9902598845753,18.5647903622498,19.0919573851591,19.532508623574,19.8589649138834,20.0566131719766,20.1233065424402,20.0682237062487,19.9098101584111,19.6731682756584,19.3871794409007,19.0816321037471,18.7845981534874,18.5202515318824,18.3072636362288,18.1578460203576,18.077448140491,18.0650615804546,18.1140363623794,18.2132822964229,18.3487101181681,18.5047633105285,18.6659007095457,18.8179099939765,18.948960042196,19.0503326546309,19.1168080098349,19.1467104276486,19.1416490165819,19.1060096902847,19.0462696857136,18.9702126855051,18.8861222183336,18.8020240574035,18.7250361857283,18.6608691642072,18.6135021614957,18.5850421795717,18.5757576525317,18.5842638378036,18.6078271289117,18.6427490754312
"H200",17.9271294640612,17.5177162176567,17.3864130998585,17.5264019965441,17.9111760669171,18.4976742757018,19.2304556166431,20.0465420002368,20.880531322203,21.6695859213181,22.3579343494624,22.9005819636213,23.2660025641184,23.4376723255828,23.4144012711409,23.2095092669625,22.8489763049517,22.3687650954105,21.811563518131,21.2232227252234,20.6491728259604,20.1310829735505,19.7039986991845,19.3941401385158,19.217484919877,19.1791940019695,19.2738728451129,19.4865988809231,19.7945935929953,20.1693770141936,20.5792163623327,20.9916699493918,21.3760322722273,21.7055050578406,21.9589497580194,22.1221165857682,22.188290198435,22.1583389037004,22.0401992256956,21.8478675969178,21.6000031792393,21.3182684338363,21.0255459524462,20.7441709880289,20.4943096654953,20.2925943307951,20.1511018205161,20.0767299315747
"H218",18.1539752223369,17.9302073116848,17.9244433050185,18.1153252811939,18.4678199931747,18.937404899896,19.474598267333,20.0294346130424,20.5555310746771,21.0134586547534,21.3732168243272,21.6157022423228,21.7331541697671,21.7286431904578,21.6147401140045,21.4115541615632,21.1443613250899,20.8410546365103,20.529639208215,20.2359689983765,19.9818831020572,19.7838514461037,19.6521878039895,19.5908366288388,19.5976934091396,19.6653793821542,19.7823628272513,19.9343020795267,20.1054800725776,20.2802058907083,20.4440739277527,20.5849936510248,20.6939301241199,20.7653246918588,20.79719401288,20.7909316725063,20.7508580997564,20.6835801755573,20.5972310781596,20.5006634810097,20.4026656508895,20.3112611911246,20.23314036805,20.1732555792799,20.1345970639568,20.1181488495247,20.1230104364946,20.1466578461939
"H248",17.881277180443,17.4791425114214,17.2205862503196,17.1193015383352,17.1755172446745,17.3766423590908,17.6989444631134,18.1100465925257,18.5720000264832,19.0446536390833,19.4890307636671,19.8704386106686,20.1610710284638,20.3419187738293,20.4038672281848,20.3479336788305,20.1846686850892,19.9328127695784,19.6173555789362,19.267185751376,18.9125434233057,18.5824925632085,18.3026176495678,18.0931205540318,17.9674519951612,17.9315616198849,17.9837961885189,18.1154211405102,18.3116913894163,18.553356313195,18.818454458676,19.0842372792055,19.3290589145621,19.5340800828788,19.6846570053003,19.7713184670484,19.79027254147,19.7434257245633,19.6379377522373,19.4853719415143,19.300530738011,19.1000871815099,18.9011339580304,18.7197722125424,18.5698528423853,18.4619648534173,18.4027404559473,18.394517275194
"H253",19.7930349812346,19.4984138625368,19.3468512533169,19.2847987316046,19.274057098928,19.2892748182311,19.3148519153343,19.3420387576495,19.3665636392037,19.3868628700593,19.4028561114899,19.4151580755069,19.4246104205729,19.4320319023968,19.4381068168874,19.4433539925944,19.4481375586812,19.4526953154401,19.4571709147198,19.4616429239206,19.4661480565342,19.4706982012621,19.4752920188778,19.4799222830899,19.4845801510488,19.4892573740262,19.4939472252276,19.4986446965917,19.5033463292658,19.5080499010938,19.5127540955751,19.5174582123945,19.5221619409012,19.5268651968505,19.5315680129784,19.5362704709215,19.5409726624729,19.5456746702088,19.5503765599651,19.5550783799063,19.5597801627723,19.5644819292469,19.5691836913329,19.5738854552205,19.5785872234867,19.5832889966551,19.5879907742249,19.5926925552995
"H254",29.9825365758344,29.944834572345,29.7699615294461,29.4779571647121,29.0939627468286,28.649829533438,28.181047965209,27.7240010511649,27.3131619879261,26.9785234767658,26.7434389419374,26.6230296629548,26.6232631688595,26.7407543498368,26.9632842556971,27.2709770469761,27.6380271122283,28.0348294880193,28.4303401087243,28.7944797552667,29.1003974397743,29.3264248091431,29.4575813779568,29.4865285152192,29.4139149318557,29.2481043467813,29.0043233121623,28.7033102690868,28.3695826197307,28.0294644277049,27.7090316041847,27.4321333421433,27.2186383239603,27.0830329672373,27.0334686163249,27.0713176982557,27.1912584326028,27.3818668924468,27.6266571743235,27.9054779683033,28.196149241801,28.4762077135249,28.7246251758426,28.9233695855804,29.0586944460629,29.1220658870911,29.1106669648425,29.0274525833613
"H268",16.0668267927869,16.8344737547069,17.6321255491638,18.8863507729136,20.1946077812756,21.4462899655966,22.7339125012103,23.6751900602737,24.4896115775847,24.9508873567388,25.1177231748512,25.0503393498115,24.6715466070841,24.1681352655497,23.4932964945312,22.773570852124,22.0679640517522,21.3973957151231,20.8659190767669,20.4500690714092,20.2073489471892,20.1258800115995,20.188393327599,20.395255446222,20.6902820931461,21.0608205082585,21.4575647920611,21.8472073144548,22.2053165220903,22.4958175541775,22.7126320545203,22.8384897426016,22.8756925797775,22.8315625928335,22.7142569441306,22.5456907522318,22.3407076001496,22.1220981292999,21.9085164710602,21.7155673579464,21.5587258724273,21.4448525490853,21.3802092887887,21.364237901843,21.3930073191807,21.4602681751036,21.5556292456976,21.669285895602
"H270",18.6542623676275,18.2942431566162,18.1350893240132,18.1760840375038,18.4016900734617,18.7836288079123,19.2837757548541,19.8576066330124,20.4579036579781,21.0384305492517,21.5573052602675,21.979838804044,22.28066265777,22.4450311471644,22.469253576553,22.3602783281704,22.1345127507566,21.8160141841007,21.4342257243959,21.0214533118347,20.6102876641186,20.2311659726931,19.9102457322862,19.6677291333065,19.5167343428682,19.4627633702208,19.503768801914,19.6307770710283,19.8289872331712,20.079233963234,20.3596833821023,20.6476212310398,20.9211948211342,21.160982267534,21.3512832408947,21.481052753134,21.5444309052238,21.5408544709255,21.4747681293298,21.3549817815328,21.1937437739723,21.0056165926375,20.8062508599438,20.6111550377075,20.4345524790114,20.2884052643016,20.1816669118518,20.1198051786792
"H283",18.2057154601598,18.0250772476535,18.0515134538498,18.2632479357372,18.6264156348461,19.0988049110924,19.6338809659412,20.1847559410716,20.7078072587963,21.1657011338121,21.5296468506375,21.7807828488195,21.910671473451,21.9209496004354,21.8222423769637,21.6324934229725,21.3748948226276,21.0756133419031,20.7615061470515,20.4580016628801,20.1872918284448,19.9669442478177,19.8090002811201,19.7195816692771,19.6989872522311,19.7422256310679,19.8399014617465,19.9793538850264,20.1459360036695,20.3243241326504,20.499753887553,20.6590955897377,20.7917021009819,20.8899859795525,20.9497076560594,20.9699801664638,20.9530171210492,20.9036676730376,20.8287943596983,20.7365563711541,20.635662064497,20.5346508038273,20.4412562330804,20.361891891792,20.3012868277671,20.262284754884,20.2458065084435,20.2509630897155
"H284",16.0828436093013,15.8914751445796,15.9880228585553,16.3540373757813,16.9428212150229,17.6970074159437,18.5503031855381,19.4337456009923,20.2807131540207,21.0316959263228,21.6381604957023,22.0653723898277,22.2940171124566,22.3205867861236,22.156584821176,21.8266857990422,21.3660545645023,20.8170765561382,20.2257776590059,19.6382160594634,19.0971118307591,18.6389449110053,18.2917025325116,18.0733976186699,17.9914151972889,18.0426795297575,18.2145751217289,18.486504096463,18.8319236942851,19.2206829459715,19.6214677300039,20.0041681929957,20.3420005684095,20.6132445664056,20.802494859031,20.9013674718734,20.9086456948965,20.829892137395,20.6765908215607,20.4649133260655,20.2142242288302,19.9454524944614,19.6794568281525,19.4355049402615,19.2299703540905,19.0753275844074,18.9794993157805,18.9455798992393
"H294",18.0403593033871,17.7219362262638,17.5245878349263,17.4200099863711,17.3797135324061,17.3792666846526,17.3999453174393,17.4287726832601,17.4577021487305,17.4824662190963,17.5014170674377,17.5145316826316,17.5226491163492,17.526941640483,17.5285866565457,17.528592553355,17.5277313241861,17.5265374335116,17.525341861588,17.5243197749548,17.52353844543,17.5229983114615,17.5226644264638,17.5224882399969,17.5224210931221,17.5224213664524,17.5224572311425,17.5225066748248,17.5225560835864,17.5225982676389,17.5226304809386,17.5226527264472,17.5226664595294,17.5226736908729,17.5226764313921,17.5226763988303,17.5226749054588,17.522672857865,17.5226708160084,17.5226690749882,17.5226677468858,17.5226668307115,17.5226662658629,17.522665969071,17.5226658572328,17.5226658594532,17.5226659216291,17.5226660064228
"H300",18.1109841398665,18.0038702883265,18.0701840371179,18.2885836235421,18.6277363517564,19.0497142950366,19.5135936453289,19.978955380756,20.409020793753,20.7732089400388,21.0489683777049,21.2228064280862,21.2905095101145,21.2566123912156,21.1332279588017,20.9383890928993,20.6940785461383,20.4241309516599,20.1521840333065,19.8998357590104,19.6851333936797,19.5214825673969,19.4170232137018,19.374478117797,19.3914420693768,19.4610478981048,19.5729219184678,19.7143266544957,19.8713834622438,20.0302713584556,20.1783098756176,20.3048514632609,20.4019308741006,20.4646429934363,20.4912446046429,20.4829977388139,20.443790962937,20.3795890660869,20.2977704241372,20.2064146570347,20.1136012863616,20.0267735918785,19.9522116943261,19.89464619925,19.8570297567135,19.8404698448575,19.8443130835988,19.8663603548661
"H315",13.0922135966126,12.91740723778,12.8757010320672,12.9544168553674,13.1309001967178,13.3759464451873,13.6574267864122,13.9437404507665,14.2067835193048,14.4242097559115,14.5808550734482,14.6692936613213,14.689581206342,14.6483117635699,14.5571648886531,14.4311464617152,14.2867305519651,14.1400931859052,14.005596131394,13.8946349790055,13.8149164895569,13.770180805556,13.7603394436597,13.7819636983302,13.8290326266429,13.8938362388078,13.967927695844,14.0430269207502,14.1117949288917,14.1684207144412,14.2089878227248,14.2316130178483,14.236372294817,14.2250479977423,14.2007437551118,14.167420783127,14.1294099476162,14.0909494855567,14.0557895679127,14.0268933039446,14.0062508144564,13.9948100579004,13.9925164183429,13.9984436202517,14.0109919493008,14.0281263051234,14.047626230199,14.0673224004813
"H322",17.9351985694397,17.2778708329771,16.9602621576255,16.9905213742947,17.3515156083584,18.0033015170017,18.8869359157136,19.9294939056922,21.049865455325,22.1648859393805,23.1953493253424,24.0714806831446,24.7375014017385,25.155000905565,25.3049260023909,25.1881056008897,24.8243364179564,24.2501567115614,23.5155230780214,22.6796742503601,21.8065115403474,20.9598458222841,20.198855413363,19.5740693681434,19.1241397440138,18.8735988496555,18.8317188848629,18.9925077932063,19.3357927481699,19.8292672979662,20.431314874162,21.0943741161909,21.7685829530269,22.4054298397108,22.961151719824,23.399647531225,23.6947205304549,23.8315185595307,23.8071041486927,23.630151270479,23.3198279165286,22.9039791267888,22.4167700070608,21.8959798797669,21.3801553445579,20.9058311392928,20.5050138761461,20.2030966086202
"H326",15.2703087203054,14.4907784337986,13.9056231526356,13.4663756865656,13.1366540850352,12.8891481961831,12.7033576239787,12.5638937232201,12.4592049901803,12.3806202756711,12.3216305718587,12.2773498847353,12.2441105374356,12.21915938422,12.2004297731607,12.1863703696774,12.1758166627328,12.1678945108146,12.1619477386195,12.157483787422,12.1541329174645,12.1516175831843,12.1497294446945,12.1483121114259,12.1472481886231,12.1464495537817,12.145850057645,12.1454000451996,12.1450622428544,12.1448086711463,12.14461832726,12.144475445409,12.1443681909877,12.1442876803365,12.1442272449262,12.1441818790178,12.144147825048,12.1441222623974,12.1441030737652,12.144088669797,12.1440778574422,12.1440697411359,12.1440636486215,12.1440590752688,12.1440556422765,12.1440530652969,12.1440511308844,12.1440496788154
"H336",52.4464438674025,49.2102277601552,51.979799058209,60.0524479841932,72.4757698434151,88.1262662431525,105.790979508875,124.247072705672,142.334845740197,159.020470166257,173.445665595567,184.962560259178,193.153010003684,197.832631896353,199.040687214835,197.017681361546,192.173105045097,185.04610487046,176.262038149844,166.487844159521,156.388970552536,146.590255957976,137.642720818815,129.997694720453,123.989147456451,119.82452929881,117.583896593291,117.226630196698,118.604668598252,121.480890122699,125.551097532117,130.467984755394,135.865494066489,141.382091941981,146.681687781537,151.471173284532,155.513851405023,158.63833191419,160.742775985652,161.794657116119,161.826455136833,160.927902530944,159.235550025456,156.920507671434,154.175248352911,151.200336316175,148.191870269179,145.330317546802
"H349",45.9884989621551,34.2447754747333,28.8240908949611,26.511251486559,27.2763160247151,30.8938504108399,36.9685767545412,44.9704346577122,54.2762687627007,64.215091745286,74.1138177076063,83.340508756603,91.3425063869747,97.677297680439,102.03455506125,104.248443366102,104.299963526591,102.309753764567,98.5223564871747,93.2834480966717,87.0118939986936,80.1687159156437,73.2251368226752,66.6318038144734,60.7910933558786,56.0340967168865,52.6034919412084,50.6430623890171,50.194152469059,51.1988900352255,53.509581139454,56.9033214181604,61.100588925285,65.7863989203214,70.6325183290427,75.3192558042416,79.5554555679305,83.0955169324166,85.7525194945064,87.4068362477993,88.0099413659213,87.5834441068707,86.2136843603893,84.0424905059753,81.2549117113689,78.0648841081135,74.6998676709608,71.3854971502464
"H363",95.9605943320009,138.645023139105,183.423699415988,214.348578416191,235.705800663311,250.455444214377,260.641786912237,267.676640140995,272.535023705938,275.89030207445,278.207511652435,279.807814112788,280.913008907832,281.676274331246,282.203397793274,282.567437792594,282.818849711531,282.992478854211,283.112389951964,283.19520249796,283.252394183323,283.29189168742,283.319169303387,283.338007666718,283.35101774551,283.360002716615,283.366207883165,283.370493271674,283.373452830378,283.375496749546,283.376908313225,283.37788316196,283.378556408284,283.379021363098,283.379342468422,283.379564228959,283.379717380377,283.379823149227,283.379896194907,283.379946641437,283.379981480627,283.380005541136,283.380022157714,283.380033633391,283.38004155868,283.380047032012,283.380050811984,283.380053422494
"H377",36.8740397973535,53.6301703786681,68.4918535165618,79.6316696924175,87.4639906834014,92.5273847582433,95.395785737785,96.6185449296842,96.6839667849641,96.0009268044566,94.8936137860627,93.605131799466,92.3064937884205,91.1083358570382,90.0734131841355,89.2285681878211,88.5753737346502,88.0990487145789,87.7755297885351,87.5767766279212,87.4745058398725,87.4426083708023,87.4585224527435,87.5038228298532,87.5642582464816,87.6294316013364,87.6922770280656,87.7484496776687,87.7957097295344,87.8333534511283,87.8617213430074,87.8817963028695,87.8948926956775,87.9024294092105,87.9057755316767,87.9061553718429,87.9045994060098,87.9019287541422,87.8987624625636,87.8955388296097,87.8925439904798,87.8899428076385,87.887808696298,87.8861503087077,87.8849340029904,87.8841017541254,87.8835846627811,87.8833125246804
"H380",68.447927081141,65.7480304443519,64.7835079569076,65.5051508893289,67.7521597056507,71.2704853301542,75.7363074451733,80.782710512741,86.0275288155527,91.1003865150118,95.6671442587872,99.4502589372568,102.243940437165,103.923417534857,104.448071858486,103.858632472307,102.269015432968,99.8537187207422,96.8319254027573,93.4496157616089,89.9610386114266,86.6108462681842,83.6180660648004,81.1628785488199,79.3769170940455,78.3375164801798,78.0660407103652,78.5301338634922,79.6494809128448,81.3044537204111,83.3468622688747,85.6119394423961,87.9306613645011,90.141541904719,92.1011328167043,93.6926000207405,94.831919262716,95.4714267761809,95.6006582366994,95.244598416259,94.4596322043824,93.3276249824357,91.948659413811,90.4330123290868,88.8929684970435,87.4350396670432,86.1530920295279,85.1227900516794
"H391",33.4084890811821,53.3210181208773,76.0646598457211,89.4477903055613,96.5944410048898,99.736566149268,100.430405464077,99.7318016204905,98.3342497879303,96.6749068171303,95.0141326012865,93.4938500654154,92.179404731654,91.0888768527036,90.2130663802184,89.5286980398367,89.0068105679677,88.6178094558256,88.334272718017,88.13229421071,87.9919161804585,87.8970289818315,87.834989126749,87.7961164173759,87.7731679992693,87.7608445833363,87.7553561905249,87.7540572539491,87.7551505349915,87.7574537038421,87.7602199047636,87.7630029866808,87.7655585240305,87.7677727497587,87.7696127354607,87.7710923813142,87.7722499095976,87.7731335379433,87.7737928262484,87.7742738497183,87.7746168663568,87.7748555414294,87.7750170858808,87.7751228807475,87.7751893131482,87.7752286563927,87.7752498992553,87.7752594770205
"H395",44.0482485569019,72.3267988722668,88.7394082986709,96.8777408508845,100.913202550465,102.914220698138,103.906442635898,104.398444357581,104.642407613106,104.76337887687,104.823363511134,104.85310740432,104.867856167777,104.875169468095,104.878795830516,104.880593993292,104.881485627661,104.881927752178,104.882146983396,104.882255691067,104.882309594695,104.882336323268,104.88234957686,104.882356148767,104.882359407503,104.882361023375,104.882361824619,104.882362221923,104.882362418929,104.882362516616,104.882362565055,104.882362589074,104.882362600984,104.88236260689,104.882362609818,104.88236261127,104.88236261199,104.882362612347,104.882362612524,104.882362612612,104.882362612656,104.882362612677,104.882362612688,104.882362612693,104.882362612696,104.882362612697,104.882362612698,104.882362612698
"H396",23.9745061636349,22.2089876461769,21.084655886624,20.6613855728277,20.9508993321519,21.9171193381537,23.4796977174504,25.5204155586934,27.8919563629386,30.4284130893772,32.9567874453014,35.3086913586281,37.3314656841363,38.897988523211,39.9145500301165,40.3263141586457,40.1200599783253,39.3240838065423,38.0053354990888,36.2640449268912,34.226255982112,32.0348151496693,29.8394518474962,27.7866332988864,26.0098756651354,24.621146701974,23.7039074761509,23.3082185091967,23.4481880600337,24.1018775613387,25.213612688131,26.698489355061,28.4487225516236,30.3413713401722,32.2468925692469,34.0379334840896,35.5977713685946,36.8278458159096,37.6539027707821,38.0303733627311,37.9427371155445,37.407759402688,36.4716373437642,35.2062269862154,33.703648478244,32.0696671030111,30.4163202996448,28.8543000061936
"H400",22.8529830817134,39.3553834535324,53.7330055882973,64.5046607508078,72.1773632412525,77.321470863984,80.4972352957959,82.2111821421941,82.8942613819433,82.8950378621675,82.4825681774824,81.8548988494154,81.1502464672466,80.4588519293369,79.8342356100024,79.3031333639345,78.8737893993526,78.5425494563971,78.298864465521,78.1289064700066,78.0180369262056,77.9523703030641,77.9196569611798,77.909678789189,77.9143161636471,77.9274101834256,77.9445126353903,77.9625892199305,77.9797196899322,77.9948216006532,78.007411831323,78.0174112442276,78.0249920651001,78.0304641026408,78.0341941559849,78.0365523678712,78.0378794537653,78.0384693574067,78.0385627218996,78.0383474651221,78.0379636083825,78.0375102703996,78.0370533782332,78.0366331571586,78.03627085024,78.0359744004549,78.0357430217477,78.0355707088399
"H404",21.2535845441684,24.3806254317496,26.2419040750064,27.3497751622065,28.0092026747397,28.4017074068423,28.635334244963,28.7743937136168,28.8571647513016,28.9064317645136,28.9357564976416,28.9532111781055,28.9636005606368,28.9697845334461,28.9734653604433,28.9756562638967,28.9769603344074,28.9777365438265,28.978198559536,28.9784735607285,28.9786372470584,28.9787346765072,28.9787926685063,28.9788271865294,28.9788477323621,28.9788599616616,28.9788672407907,28.978871573477,28.9788741523805,28.9788756873965,28.9788766010695,28.9788771449063,28.978877468609,28.9788776612835,28.9788777759673,28.9788778442295,28.9788778848605,28.9788779090449,28.97887792344,28.9788779320082,28.9788779371082,28.9788779401438,28.9788779419507,28.9788779430262,28.9788779436663,28.9788779440473,28.9788779442741,28.9788779444091
